{"train_loss":0.14845391998958846,"val_loss":0.15744970615733547,"_wandb":{"runtime":9},"_runtime":9,"val_acc":0.9553333333333334,"_timestamp":1.772540960600489e+09,"_step":9,"epoch":10}