{"train_loss":0.15623039929472984,"val_loss":0.22840754399906033,"val_acc":0.9445,"_timestamp":1.772541259620746e+09,"_wandb":{"runtime":13},"_runtime":13,"_step":19,"epoch":20}