{"train_loss":0.012125085198741312,"_wandb":{"runtime":9},"_runtime":9,"val_loss":0.012361948908299634,"val_acc":0.9653333333333334,"_timestamp":1.772541806203677e+09,"_step":7,"epoch":8}