{"neuron_2_grad":0,"train_loss":0.08567225588500006,"first_layer_grad_norm":0.6835401393905067,"_step":17129,"test_f1":0.9690328510765814,"neuron_3_grad":0,"val_acc":0.9706666666666667,"neuron_5_grad":0,"layer_1_activations":{"bins":[0,0.07118406444503579,0.14236812889007158,0.2135521933351074,0.28473625778014316,0.35592032222517894,0.4271043866702148,0.49828845111525055,0.5694725155602863,0.6406565800053221,0.7118406444503579,0.7830247088953937,0.8542087733404296,0.9253928377854653,0.9965769022305011,1.0677609666755368,1.1389450311205727,1.2101290955656085,1.2813131600106442,1.35249722445568,1.4236812889007158,1.4948653533457517,1.5660494177907873,1.6372334822358232,1.708417546680859,1.7796016111258948,1.8507856755709307,1.9219697400159663,1.9931538044610022,2.064337868906038,2.1355219333510735,2.2067059977961097,2.2778900622411453,2.349074126686181,2.420258191131217,2.4914422555762528,2.5626263200212884,2.633810384466324,2.70499444891136,2.776178513356396,2.8473625778014315,2.9185466422464676,2.9897307066915033,3.060914771136539,3.1320988355815746,3.2032829000266108,3.2744669644716464,3.345651028916682,3.416835093361718,3.488019157806754,3.5592032222517895,3.630387286696825,3.7015713511418613,3.772755415586897,3.8439394800319326,3.9151235444769683,3.9863076089220044,4.05749167336704,4.128675737812076,4.199859802257111,4.271043866702147,4.342227931147184,4.413411995592219,4.484596060037255,4.555780124482291],"_type":"histogram","values":[3261,302,316,268,278,284,248,249,206,240,212,193,187,172,166,177,139,132,118,110,97,106,74,85,56,58,52,48,49,41,36,24,26,27,13,17,25,20,12,13,2,9,4,10,4,5,1,1,5,4,3,1,2,2,0,1,0,0,0,0,0,0,0,1]},"neuron_1_grad":0,"train_acc":0.9774,"_timestamp":1.772544237696537e+09,"neuron_4_grad":0,"epoch":20,"batch_step":49,"_wandb":{"runtime":17},"val_loss":0.10418092737533381,"_runtime":17}