{"_runtime":3,"val_loss":0.055072939569625154,"val_acc":0.568,"_timestamp":1.772542409453256e+09,"_step":7,"epoch":8,"train_loss":0.05909426671361074,"_wandb":{"runtime":3}}