{"train_loss":0.05874965020786688,"val_loss":0.15057625771607988,"val_acc":0.97,"_wandb":{"runtime":14},"_runtime":14,"_timestamp":1.772543493574213e+09,"_step":19,"epoch":20}