{"_step":19,"_runtime":12,"_wandb":{"runtime":12},"epoch":20,"train_loss":0.05186315199233009,"val_loss":0.09302710645188345,"val_acc":0.9723333333333334,"_timestamp":1.772543891756524e+09}