{"neuron_3_grad":0,"_wandb":{"runtime":11},"neuron_2_grad":0,"train_loss":1.662798860321141,"val_loss":1.859472258352314,"first_layer_grad_norm":4.927858072399913e-35,"neuron_1_grad":0,"test_f1":0.16704713551376277,"val_acc":0.30133333333333334,"_step":17129,"neuron_5_grad":0,"batch_step":49,"epoch":20,"train_acc":0.2854,"layer_1_activations":{"_type":"histogram","values":[631638,265,251,247,230,260,277,265,285,351,316,318,317,266,299,305,309,248,286,289,252,263,240,248,218,206,222,177,142,146,121,98,96,72,70,55,66,41,36,34,30,26,20,19,10,15,8,9,5,10,7,1,2,1,1,1,1,2,0,1,1,3,0,2],"bins":[0,4.806479537900465,9.61295907580093,14.419438613701395,19.22591815160186,24.032397689502325,28.83887722740279,33.645356765303255,38.45183630320372,43.258315841104185,48.06479537900465,52.871274916905115,57.67775445480558,62.484233992706045,67.29071353060651,72.09719306850698,76.90367260640744,81.7101521443079,86.51663168220837,91.32311122010884,96.1295907580093,100.93607029590976,105.74254983381023,110.5490293717107,115.35550890961116,120.16198844751162,124.96846798541209,129.77494752331256,134.58142706121302,139.38790659911348,144.19438613701396,149.00086567491442,153.80734521281488,158.61382475071534,163.4203042886158,168.22678382651628,173.03326336441674,177.8397429023172,182.64622244021768,187.45270197811814,192.2591815160186,197.06566105391906,201.87214059181952,206.67862012972,211.48509966762046,216.29157920552092,221.0980587434214,225.90453828132186,230.71101781922232,235.51749735712278,240.32397689502324,245.13045643292372,249.93693597082418,254.74341550872464,259.5498950466251,264.35637458452555,269.16285412242604,273.9693336603265,278.77581319822696,283.58229273612744,288.38877227402793,293.19525181192836,298.00173134982884,302.8082108877293,307.61469042562976]},"_timestamp":1.7726269461294138e+09,"_runtime":11,"neuron_4_grad":0}