{"train_loss":0.027085109131990297,"val_loss":0.027112735951166624,"val_acc":0.9441666666666667,"_wandb":{"runtime":25},"_runtime":25,"_timestamp":1.7725427675190358e+09,"_step":19,"epoch":20}