{"_step":9,"epoch":10,"train_loss":0.007759417528162039,"val_loss":0.008016287999244394,"val_acc":0.9653333333333334,"_wandb":{"runtime":6},"_runtime":6,"_timestamp":1.772542123624366e+09}