{"epoch":10,"neuron_4_grad":0,"_wandb":{"runtime":8},"batch_step":49,"train_loss":0.04531533645919006,"test_f1":0.969710380122199,"_runtime":8,"val_loss":0.11574968176999599,"neuron_2_grad":0,"first_layer_grad_norm":0.3972879747889623,"neuron_5_grad":0,"_timestamp":1.772563396908937e+09,"train_acc":0.988,"neuron_1_grad":0,"layer_1_activations":{"bins":[0,0.11927683737686602,0.23855367475373204,0.3578305121305981,0.4771073495074641,0.5963841868843301,0.7156610242611962,0.8349378616380622,0.9542146990149282,1.0734915363917943,1.1927683737686603,1.3120452111455263,1.4313220485223923,1.5505988858992583,1.6698757232761243,1.7891525606529903,1.9084293980298563,2.0277062354067223,2.1469830727835886,2.2662599101604544,2.3855367475373206,2.5048135849141864,2.6240904222910526,2.7433672596679184,2.8626440970447846,2.9819209344216504,3.1011977717985166,3.2204746091753824,3.3397514465522486,3.4590282839291144,3.5783051213059807,3.6975819586828464,3.8168587960597127,3.936135633436579,4.055412470813445,4.1746893081903105,4.293966145567177,4.413242982944043,4.532519820320909,4.6517966576977745,4.771073495074641,4.890350332451507,5.009627169828373,5.1289040072052385,5.248180844582105,5.367457681958971,5.486734519335837,5.606011356712703,5.725288194089569,5.844565031466435,5.963841868843301,6.0831187062201675,6.202395543597033,6.321672380973899,6.440949218350765,6.5602260557276315,6.679502893104497,6.798779730481363,6.918056567858229,7.0373334052350955,7.156610242611961,7.275887079988827,7.395163917365693,7.51444075474256,7.633717592119425],"_type":"histogram","values":[2126,114,100,94,113,114,108,99,96,85,82,75,74,60,78,66,54,53,48,36,39,37,31,34,27,23,27,24,16,16,16,10,11,15,9,11,9,6,7,6,8,4,5,8,4,2,4,0,3,1,2,2,0,0,0,0,1,1,1,0,0,0,0,1]},"val_acc":0.9758333333333333,"_step":8589,"neuron_3_grad":0}