{"neuron_2_grad":0,"train_acc":0.9804,"test_f1":0.9684847088728405,"neuron_5_grad":0,"train_loss":0.08048296558745387,"epoch":10,"batch_step":49,"neuron_3_grad":0,"layer_1_activations":{"_type":"histogram","values":[944,200,118,103,63,53,58,56,38,43,26,46,30,24,22,23,24,26,21,18,22,19,20,17,23,19,25,17,19,16,13,22,22,17,20,10,21,17,11,19,16,22,19,22,19,25,15,19,32,34,32,26,31,38,37,40,48,64,48,71,78,89,160,806],"bins":[1.0825275385125124e-18,0.015624999999999103,0.031249999999998203,0.04687499999999731,0.062499999999996406,0.0781249999999955,0.09374999999999462,0.10937499999999371,0.12499999999999281,0.14062499999999192,0.156249999999991,0.17187499999999012,0.18749999999998923,0.20312499999998831,0.21874999999998743,0.2343749999999865,0.24999999999998562,0.26562499999998473,0.28124999999998385,0.2968749999999829,0.312499999999982,0.3281249999999811,0.34374999999998024,0.35937499999997935,0.37499999999997846,0.3906249999999775,0.40624999999997663,0.42187499999997574,0.43749999999997485,0.45312499999997397,0.468749999999973,0.48437499999997213,0.49999999999997125,0.5156249999999704,0.5312499999999695,0.5468749999999686,0.5624999999999677,0.5781249999999668,0.5937499999999658,0.6093749999999649,0.624999999999964,0.6406249999999631,0.6562499999999623,0.6718749999999614,0.6874999999999605,0.7031249999999596,0.7187499999999587,0.7343749999999578,0.7499999999999569,0.7656249999999559,0.781249999999955,0.7968749999999541,0.8124999999999533,0.8281249999999524,0.8437499999999515,0.8593749999999506,0.8749999999999497,0.8906249999999488,0.9062499999999479,0.9218749999999469,0.937499999999946,0.9531249999999452,0.9687499999999443,0.9843749999999434,0.9999999999999425]},"_step":8589,"first_layer_grad_norm":0.05897937823202327,"_timestamp":1.7725632664488761e+09,"val_loss":0.10326014205650699,"val_acc":0.9716666666666667,"_wandb":{"runtime":9},"neuron_1_grad":0,"neuron_4_grad":0,"_runtime":9}