{"train_loss":1.10478151618535,"_wandb":{"runtime":12},"_runtime":12,"val_loss":0.4612715674083996,"val_acc":0.0735,"_timestamp":1.772542970631552e+09,"_step":19,"epoch":20}