{"_step":19,"epoch":20,"train_loss":0.04696467377924161,"_wandb":{"runtime":42},"_runtime":42,"val_loss":0.047656827878010476,"val_acc":0.7505,"_timestamp":1.7725419672683089e+09}