{"_wandb":{"runtime":23},"_runtime":23,"_step":19,"epoch":20,"train_loss":0.15749054586900132,"val_loss":0.14748507207111938,"val_acc":0.82,"_timestamp":1.772541105362588e+09}