{"_step":17129,"first_layer_grad_norm":1.1373149921103358e-06,"val_acc":0.2791666666666667,"_runtime":11,"test_f1":0.16552717041024845,"_wandb":{"runtime":11},"neuron_4_grad":0,"train_loss":1.7104311656065665,"_timestamp":1.772544496622638e+09,"neuron_1_grad":0,"train_acc":0.2748,"batch_step":49,"layer_1_activations":{"_type":"histogram","values":[4055,2,0,3,0,2,1,3,3,2,2,1,3,0,0,0,0,0,0,1,0,1,1,1,2,0,0,0,0,0,0,0,2,1,1,0,0,1,2,1,0,0,0,1,0,0,0,0,1,0,0,0,0,0,0,1,0,1,0,0,0,0,0,1],"bins":[0,3.288573712816115,6.57714742563223,9.865721138448345,13.15429485126446,16.442868564080577,19.73144227689669,23.020015989712803,26.30858970252892,29.597163415345037,32.88573712816115,36.17431084097726,39.46288455379338,42.7514582666095,46.040031979425606,49.32860569224172,52.61717940505784,55.90575311787396,59.19432683069007,62.48290054350618,65.7714742563223,69.06004796913841,72.34862168195453,75.63719539477064,78.92576910758676,82.21434282040288,85.502916533219,88.79149024603511,92.08006395885121,95.36863767166733,98.65721138448345,101.94578509729956,105.23435881011568,108.5229325229318,111.81150623574791,115.10007994856403,118.38865366138015,121.67722737419625,124.96580108701237,128.2543747998285,131.5429485126446,134.8315222254607,138.12009593827682,141.40866965109294,144.69724336390905,147.98581707672517,151.2743907895413,154.5629645023574,157.85153821517352,161.14011192798964,164.42868564080575,167.71725935362187,171.005833066438,174.2944067792541,177.58298049207022,180.87155420488634,184.16012791770243,187.44870163051854,190.73727534333466,194.02584905615078,197.3144227689669,200.602996481783,203.89157019459913,207.18014390741524,210.46871762023136]},"neuron_2_grad":0,"epoch":20,"neuron_3_grad":0,"val_loss":1.8141524609791295,"neuron_5_grad":0}