{"_wandb":{"runtime":20},"_runtime":20,"val_acc":0.7538333333333334,"_timestamp":1.772541504960769e+09,"_step":19,"epoch":20,"train_loss":0.04591750892908019,"val_loss":0.044928688486959904}