{"val_acc":0.962,"_timestamp":1.7725413514720361e+09,"_wandb":{"runtime":10},"_runtime":10,"_step":9,"epoch":10,"train_loss":0.19027321329959754,"val_loss":0.19998628536244223}