{"_wandb":{"runtime":9},"_runtime":9,"_step":9,"epoch":10,"train_loss":0.08511091457829337,"val_loss":0.13482375870616822,"val_acc":0.9715,"_timestamp":1.772541727909112e+09}