{"_runtime":28,"_step":19,"epoch":20,"train_loss":0.03681071589622195,"val_loss":0.03640295898741002,"val_acc":0.9213333333333333,"_timestamp":1.772541781683424e+09,"_wandb":{"runtime":28}}