{"_wandb":{"runtime":7},"val_acc":0.9011666666666667,"_timestamp":1.772541911425246e+09,"_step":9,"epoch":10,"train_loss":0.36427448731904083,"val_loss":0.35029936529034034,"_runtime":7}