{"_step":19,"_wandb":{"runtime":12},"_runtime":12,"epoch":20,"train_loss":0.00703373766196267,"val_loss":0.007525908621336479,"val_acc":0.9688333333333333,"_timestamp":1.772543575284245e+09}