{"train_loss":0.31604189144981526,"neuron_4_grad":0,"train_acc":0.9102,"neuron_5_grad":0,"neuron_3_grad":0,"epoch":20,"neuron_2_grad":0,"first_layer_grad_norm":1.6991868489448732,"layer_1_activations":{"_type":"histogram","values":[2574,374,400,393,328,324,344,375,352,277,284,243,243,205,217,146,160,131,122,106,74,66,63,48,46,40,40,34,21,21,25,11,14,14,8,2,11,5,3,4,9,6,5,4,2,5,3,0,3,2,3,1,0,0,0,0,0,0,0,0,0,0,0,1],"bins":[0,0.08158366108144471,0.16316732216288943,0.24475098324433414,0.32633464432577886,0.40791830540722357,0.4895019664886683,0.571085627570113,0.6526692886515577,0.7342529497330024,0.8158366108144471,0.8974202718958919,0.9790039329773366,1.0605875940587812,1.142171255140226,1.2237549162216708,1.3053385773031154,1.38692223838456,1.4685058994660047,1.5500895605474496,1.6316732216288943,1.713256882710339,1.7948405437917838,1.8764242048732285,1.9580078659546731,2.039591527036118,2.1211751881175624,2.2027588491990073,2.284342510280452,2.3659261713618966,2.4475098324433415,2.529093493524786,2.610677154606231,2.6922608156876757,2.77384447676912,2.855428137850565,2.9370117989320095,3.0185954600134544,3.1001791210948992,3.1817627821763437,3.2633464432577886,3.3449301043392334,3.426513765420678,3.5080974265021228,3.5896810875835676,3.671264748665012,3.752848409746457,3.8344320708279014,3.9160157319093463,3.997599392990791,4.079183054072236,4.16076671515368,4.242350376235125,4.32393403731657,4.405517698398015,4.4871013594794595,4.568685020560904,4.650268681642348,4.731852342723793,4.813436003805238,4.895019664886683,4.976603325968128,5.058186987049572,5.139770648131017,5.221354309212462]},"_wandb":{"runtime":16},"val_acc":0.913,"val_loss":0.308689930006323,"batch_step":49,"_step":17129,"test_f1":0.9116113340038176,"_timestamp":1.772544212054197e+09,"_runtime":16,"neuron_1_grad":0}