{"_step":9,"epoch":10,"train_loss":0.016120075571384524,"val_loss":0.016428218676390913,"val_acc":0.981,"_wandb":{"runtime":25},"_runtime":25,"_timestamp":1.772543532439232e+09}