{"_runtime":18,"_step":9,"epoch":10,"train_loss":0.09467308101432657,"val_loss":0.09417642920052804,"val_acc":0.952,"_timestamp":1.772542799609119e+09,"_wandb":{"runtime":18}}