{"val_loss":0.24131153754630236,"neuron_1_grad":0,"val_acc":0.9781666666666666,"first_layer_grad_norm":2.5698343043878578,"neuron_2_grad":0,"layer_1_activations":{"_type":"histogram","values":[5226,280,242,230,240,195,196,161,160,129,125,116,111,94,82,64,71,64,53,53,37,33,33,25,19,25,20,12,17,14,6,6,8,8,8,2,4,2,2,3,1,1,1,1,3,2,0,1,0,1,1,1,0,0,0,0,0,0,0,1,0,0,1,1],"bins":[0,0.1551255627203266,0.3102511254406532,0.46537668816097977,0.6205022508813064,0.775627813601633,0.9307533763219595,1.0858789390422863,1.2410045017626128,1.3961300644829393,1.551255627203266,1.7063811899235926,1.861506752643919,2.016632315364246,2.1717578780845725,2.326883440804899,2.4820090035252256,2.6371345662455523,2.7922601289658786,2.9473856916862053,3.102511254406532,3.2576368171268584,3.412762379847185,3.567887942567512,3.723013505287838,3.878139068008165,4.033264630728492,4.188390193448818,4.343515756169145,4.498641318889471,4.653766881609798,4.808892444330125,4.964018007050451,5.1191435697707774,5.274269132491105,5.429394695211431,5.584520257931757,5.739645820652084,5.894771383372411,6.049896946092737,6.205022508813064,6.3601480715333905,6.515273634253717,6.670399196974044,6.82552475969437,6.9806503224146965,7.135775885135024,7.29090144785535,7.446027010575676,7.6011525732960035,7.75627813601633,7.911403698736657,8.066529261456983,8.22165482417731,8.376780386897636,8.531905949617963,8.68703151233829,8.842157075058616,8.997282637778943,9.15240820049927,9.307533763219595,9.462659325939923,9.61778488866025,9.772910451380575,9.928036014100902]},"neuron_3_grad":0,"_timestamp":1.77254429199701e+09,"neuron_4_grad":0,"_step":17129,"_wandb":{"runtime":19},"_runtime":19,"neuron_5_grad":0,"batch_step":49,"train_acc":0.9978,"epoch":20,"train_loss":0.012090630837171426,"test_f1":0.9785324728526632}