{"val_loss":0.4101933008355988,"val_acc":0.891,"_wandb":{"runtime":21},"_runtime":21,"_timestamp":1.7725411324236102e+09,"_step":9,"epoch":10,"train_loss":0.4404851029642909}