{"val_loss":0.06492991801288123,"val_acc":0.6491666666666667,"_timestamp":1.772543021222956e+09,"_step":9,"_wandb":{"runtime":36},"_runtime":36,"epoch":10,"train_loss":0.06058115284906978}