{"_step":19,"epoch":20,"train_loss":0.4086699438906544,"val_loss":0.4014331749362679,"_wandb":{"runtime":21},"_runtime":21,"val_acc":0.9045,"_timestamp":1.7725409450497742e+09}