{"neuron_5_grad":0,"first_layer_grad_norm":0.06653054821191971,"_wandb":{"runtime":11},"neuron_3_grad":0,"val_loss":0.00536192014009612,"epoch":20,"_runtime":11,"train_loss":0.0026025051246762357,"val_acc":0.9681666666666666,"neuron_2_grad":0,"layer_1_activations":{"values":[3594,28,21,19,26,34,26,21,17,12,17,24,19,24,20,11,15,19,26,15,6,7,11,10,7,12,8,6,5,2,2,6,2,3,3,4,1,2,1,1,0,0,1,0,1,2,0,1,2,0,0,0,1,0,0,0,0,0,0,0,0,0,0,1],"bins":[0,0.07560240251059579,0.15120480502119157,0.22680720753178735,0.30240961004238315,0.37801201255297895,0.4536144150635747,0.5292168175741705,0.6048192200847663,0.6804216225953621,0.7560240251059579,0.8316264276165537,0.9072288301271494,0.9828312326377452,1.058433635148341,1.134036037658937,1.2096384401695326,1.2852408426801283,1.3608432451907242,1.4364456477013199,1.5120480502119158,1.5876504527225115,1.6632528552331074,1.738855257743703,1.8144576602542988,1.8900600627648947,1.9656624652754904,2.041264867786086,2.116867270296682,2.192469672807278,2.268072075317874,2.3436744778284693,2.419276880339065,2.494879282849661,2.5704816853602566,2.6460840878708525,2.7216864903814484,2.7972888928920443,2.8728912954026398,2.9484936979132357,3.0240961004238316,3.099698502934427,3.175300905445023,3.250903307955619,3.326505710466215,3.4021081129768103,3.477710515487406,3.553312917998002,3.6289153205085976,3.7045177230191935,3.7801201255297894,3.8557225280403853,3.9313249305509808,4.006927333061577,4.082529735572172,4.1581321380827685,4.233734540593364,4.309336943103959,4.384939345614556,4.460541748125151,4.536144150635748,4.611746553146343,4.6873489556569385,4.762951358167535,4.83855376067813],"_type":"histogram"},"_step":17129,"neuron_1_grad":0,"neuron_4_grad":0,"batch_step":49,"test_f1":0.9684916343293901,"_timestamp":1.772544543039375e+09,"train_acc":0.9884}