{"epoch":20,"train_loss":0.042868048646552866,"_wandb":{"runtime":7},"_runtime":7,"val_loss":0.04281135752852586,"val_acc":0.915,"_timestamp":1.7725421452642088e+09,"_step":19}