{"train_loss":2.302159065786948,"val_loss":2.303546858284483,"val_acc":0.109,"_timestamp":1.772541586626663e+09,"_step":9,"_wandb":{"runtime":7},"_runtime":7,"epoch":10}