{"val_acc":0.109,"_timestamp":1.7725414728674371e+09,"_step":9,"epoch":10,"train_loss":2.3023248694254814,"val_loss":2.303097406823268,"_wandb":{"runtime":8},"_runtime":8}