{"train_loss":0.015675281548886175,"_wandb":{"runtime":23},"_runtime":23,"val_loss":0.016706209780978278,"val_acc":0.971,"_timestamp":1.772542950930537e+09,"_step":19,"epoch":20}