{"_runtime":8,"val_loss":0.09656262492117142,"val_acc":0.9753333333333334,"_timestamp":1.772541564718306e+09,"_step":9,"epoch":10,"train_loss":0.06783466867657699,"_wandb":{"runtime":8}}