{"_step":9,"epoch":10,"train_loss":0.1011273660036692,"val_loss":0.13185954599820676,"_wandb":{"runtime":6},"_runtime":6,"val_acc":0.9656666666666667,"_timestamp":1.7725411613513222e+09}