{"epoch":20,"_step":17129,"neuron_5_grad":0,"train_acc":0.8218,"batch_step":49,"neuron_2_grad":0,"neuron_1_grad":0,"train_loss":1.0414252766257714,"_timestamp":1.772621775393815e+09,"layer_1_activations":{"bins":[-1,-0.96875,-0.9375,-0.90625,-0.875,-0.84375,-0.8125,-0.78125,-0.75,-0.71875,-0.6875,-0.65625,-0.625,-0.59375,-0.5625,-0.53125,-0.5,-0.46875,-0.4375,-0.40625,-0.375,-0.34375,-0.3125,-0.28125,-0.25,-0.21875,-0.1875,-0.15625,-0.125,-0.09375,-0.0625,-0.03125,0,0.03125,0.0625,0.09375,0.125,0.15625,0.1875,0.21875,0.25,0.28125,0.3125,0.34375,0.375,0.40625,0.4375,0.46875,0.5,0.53125,0.5625,0.59375,0.625,0.65625,0.6875,0.71875,0.75,0.78125,0.8125,0.84375,0.875,0.90625,0.9375,0.96875,1],"_type":"histogram","values":[312046,262,160,91,79,72,62,76,52,42,38,40,33,32,35,32,25,31,18,19,25,24,23,31,28,22,27,21,35,16,24,16,23,17,25,14,17,30,17,23,26,38,29,24,29,41,24,27,31,32,34,43,40,39,37,49,59,59,68,101,112,149,232,324974]},"neuron_4_grad":0,"neuron_3_grad":0,"_wandb":{"runtime":12},"val_acc":0.8263333333333334,"val_loss":0.92262800618385,"first_layer_grad_norm":0.11562789512673373,"test_f1":0.8214516232714264,"_runtime":12}