{"_timestamp":1.772621677073316e+09,"_step":17129,"train_loss":1.7111963253015634,"batch_step":49,"train_acc":0.3352,"neuron_5_grad":0,"neuron_4_grad":0,"test_f1":0.26288845421705526,"layer_1_activations":{"values":[636258,205,166,217,225,222,236,181,176,147,126,121,107,93,88,79,74,91,99,87,85,98,90,76,60,57,68,62,51,59,37,32,45,41,24,19,13,19,11,7,12,5,10,2,3,2,3,3,2,2,1,0,0,0,1,0,0,0,0,0,1,0,0,1],"bins":[0,5.563468453519773,11.126936907039546,16.690405360559318,22.253873814079093,27.817342267598868,33.380810721118635,38.94427917463841,44.507747628158185,50.07121608167796,55.634684535197735,61.1981529887175,66.76162144223727,72.32508989575705,77.88855834927682,83.4520268027966,89.01549525631637,94.57896370983615,100.14243216335592,105.7059006168757,111.26936907039547,116.83283752391523,122.396305977435,127.95977443095478,133.52324288447454,139.08671133799433,144.6501797915141,150.21364824503388,155.77711669855364,161.34058515207343,166.9040536055932,172.46752205911298,178.03099051263274,183.5944589661525,189.1579274196723,194.72139587319205,200.28486432671184,205.8483327802316,211.4118012337514,216.97526968727115,222.53873814079094,228.1022065943107,233.66567504783046,239.22914350135025,244.79261195487,250.3560804083898,255.91954886190956,261.4830173154293,267.0464857689491,272.6099542224689,278.17342267598866,283.7368911295084,289.3003595830282,294.863828036548,300.42729649006776,305.9907649435875,311.5542333971073,317.11770185062704,322.68117030414686,328.2446387576666,333.8081072111864,339.37157566470614,344.93504411822596,350.4985125717457,356.0619810252655],"_type":"histogram"},"val_loss":1.6135005581376478,"_wandb":{"runtime":11},"neuron_2_grad":0,"val_acc":0.3556666666666667,"_runtime":11,"epoch":20,"neuron_1_grad":0,"first_layer_grad_norm":0.0017430416011501053,"neuron_3_grad":0}