{"train_loss":0.013570898970604218,"layer_1_activations":{"bins":[0,0.2105175247183417,0.4210350494366834,0.6315525741550251,0.8420700988733668,1.0525876235917084,1.2631051483100502,1.473622673028392,1.6841401977467336,1.8946577224650754,2.105175247183417,2.315692771901759,2.5262102966201003,2.7367278213384423,2.947245346056784,3.1577628707751257,3.3682803954934672,3.5787979202118088,3.7893154449301507,3.999832969648492,4.210350494366834,4.420868019085176,4.631385543803518,4.84190306852186,5.052420593240201,5.262938117958543,5.473455642676885,5.683973167395226,5.894490692113568,6.1050082168319095,6.3155257415502515,6.5260432662685925,6.7365607909869345,6.9470783157052765,7.1575958404236175,7.3681133651419595,7.578630889860301,7.789148414578643,7.999665939296984,8.210183464015326,8.420700988733667,8.63121851345201,8.841736038170351,9.052253562888692,9.262771087607035,9.473288612325376,9.68380613704372,9.89432366176206,10.104841186480401,10.315358711198744,10.525876235917085,10.736393760635426,10.94691128535377,11.15742881007211,11.367946334790451,11.578463859508794,11.788981384227135,11.999498908945476,12.210016433663819,12.42053395838216,12.631051483100503,12.841569007818844,13.052086532537185,13.262604057255528,13.473121581973869],"_type":"histogram","values":[2022,161,162,128,144,124,121,119,118,115,87,92,73,72,79,66,65,43,46,35,33,36,21,24,17,17,10,13,11,9,2,5,3,3,2,5,2,5,2,2,0,0,0,0,1,0,0,0,0,0,0,0,0,0,0,0,0,0,0,0,0,0,0,1]},"first_layer_grad_norm":0.13171916496862146,"epoch":20,"neuron_3_grad":0,"batch_step":49,"neuron_1_grad":0,"_timestamp":1.77254443775057e+09,"val_acc":0.977,"_step":17129,"neuron_4_grad":0,"neuron_2_grad":0,"_wandb":{"runtime":11},"_runtime":11,"neuron_5_grad":0,"test_f1":0.9740200567372203,"val_loss":0.12199936554036625,"train_acc":0.9984}