{"_wandb":{"runtime":37},"_runtime":37,"val_acc":0.9286666666666666,"_timestamp":1.772542080346027e+09,"_step":19,"epoch":20,"train_loss":0.3478829155045526,"val_loss":0.3446824267744099}