{"_timestamp":1.772543333685387e+09,"_step":19,"epoch":20,"_wandb":{"runtime":15},"_runtime":15,"train_loss":0.10430336124346508,"val_loss":0.13845188610538858,"val_acc":0.9668333333333333}