{"neuron_1_grad":0,"neuron_4_grad":0,"batch_step":49,"layer_1_activations":{"bins":[-1,-0.96875,-0.9375,-0.90625,-0.875,-0.84375,-0.8125,-0.78125,-0.75,-0.71875,-0.6875,-0.65625,-0.625,-0.59375,-0.5625,-0.53125,-0.5,-0.46875,-0.4375,-0.40625,-0.375,-0.34375,-0.3125,-0.28125,-0.25,-0.21875,-0.1875,-0.15625,-0.125,-0.09375,-0.0625,-0.03125,0,0.03125,0.0625,0.09375,0.125,0.15625,0.1875,0.21875,0.25,0.28125,0.3125,0.34375,0.375,0.40625,0.4375,0.46875,0.5,0.53125,0.5625,0.59375,0.625,0.65625,0.6875,0.71875,0.75,0.78125,0.8125,0.84375,0.875,0.90625,0.9375,0.96875,1],"_type":"histogram","values":[1715,9,7,0,0,0,2,2,0,1,1,0,1,1,2,0,1,2,0,0,1,0,0,1,1,1,1,0,0,1,1,1,0,0,0,0,0,0,1,0,0,0,1,1,0,1,2,2,0,0,2,0,0,2,1,0,0,3,4,3,3,8,6,2304]},"_runtime":0,"first_layer_grad_norm":0.578039454638534,"neuron_3_grad":0,"_step":902,"neuron_5_grad":0,"_wandb":{"runtime":0},"_timestamp":1.772619996442281e+09,"neuron_2_grad":0}