{"train_acc":0.9984,"layer_1_activations":{"_type":"histogram","values":[2060,138,142,150,143,123,156,83,93,97,95,85,76,68,69,57,57,58,30,42,34,35,26,23,17,21,19,15,14,12,13,6,5,2,7,2,4,1,4,1,2,2,2,0,2,1,0,0,0,1,1,0,0,1,0,0,0,0,0,0,0,0,0,1],"bins":[0,0.20196706228342012,0.40393412456684025,0.6059011868502604,0.8078682491336805,1.0098353114171006,1.2118023737005208,1.4137694359839408,1.615736498267361,1.8177035605507812,2.019670622834201,2.221637685117621,2.4236047474010416,2.6255718096844616,2.8275388719678816,3.029505934251302,3.231472996534722,3.433440058818142,3.6354071211015624,3.8373741833849824,4.039341245668402,4.241308307951822,4.443275370235242,4.645242432518663,4.847209494802083,5.049176557085503,5.251143619368923,5.453110681652343,5.655077743935763,5.857044806219184,6.059011868502604,6.260978930786024,6.462945993069444,6.664913055352864,6.866880117636284,7.068847179919704,7.270814242203125,7.472781304486545,7.674748366769965,7.876715429053385,8.078682491336805,8.280649553620226,8.482616615903645,8.684583678187066,8.886550740470485,9.088517802753906,9.290484865037326,9.492451927320745,9.694418989604166,9.896386051887585,10.098353114171006,10.300320176454425,10.502287238737846,10.704254301021267,10.906221363304686,11.108188425588107,11.310155487871526,11.512122550154947,11.714089612438368,11.916056674721787,12.118023737005208,12.319990799288627,12.521957861572048,12.723924923855467,12.925891986138888]},"first_layer_grad_norm":0.010588180188515489,"neuron_4_grad":0,"val_loss":0.12838343020603302,"test_f1":0.9760059877578614,"val_acc":0.977,"_wandb":{"runtime":11},"neuron_5_grad":0,"_runtime":11,"batch_step":49,"train_loss":0.013075934304956668,"_step":17129,"neuron_1_grad":0,"_timestamp":1.772544564060988e+09,"epoch":20,"neuron_3_grad":0,"neuron_2_grad":0}