{"_step":19,"epoch":20,"train_loss":0.011118223282031558,"val_loss":0.1367619142937941,"val_acc":0.9731666666666666,"_timestamp":1.772542848631624e+09,"_runtime":13,"_wandb":{"runtime":13}}