{"epoch":20,"train_acc":0.2016,"test_f1":0.07312840907230052,"val_loss":1.8941305533948438,"layer_1_activations":{"values":[634956,248,225,241,220,183,206,227,228,227,200,236,245,295,254,254,192,148,107,96,77,73,69,58,61,53,48,41,48,36,33,39,31,27,24,30,32,22,18,21,19,15,24,25,14,9,18,8,8,9,5,5,4,3,1,0,0,2,1,0,0,0,0,1],"bins":[0,3.9902120668709706,7.980424133741941,11.970636200612912,15.960848267483883,19.951060334354853,23.941272401225824,27.931484468096794,31.921696534967765,35.91190860183873,39.902120668709706,43.89233273558068,47.88254480245165,51.872756869322615,55.86296893619359,59.85318100306456,63.84339306993553,67.8336051368065,71.82381720367746,75.81402927054845,79.80424133741941,83.79445340429038,87.78466547116136,91.77487753803233,95.7650896049033,99.75530167177426,103.74551373864523,107.73572580551621,111.72593787238718,115.71614993925814,119.70636200612913,123.6965740730001,127.68678613987106,131.67699820674204,135.667210273613,139.65742234048398,143.64763440735493,147.6378464742259,151.6280585410969,155.61827060796784,159.60848267483883,163.5986947417098,167.58890680858076,171.57911887545174,175.56933094232272,179.55954300919367,183.54975507606466,187.5399671429356,191.5301792098066,195.52039127667757,199.51060334354852,203.5008154104195,207.49102747729046,211.48123954416144,215.47145161103242,219.46166367790337,223.45187574477436,227.44208781164534,231.4322998785163,235.42251194538727,239.41272401225825,243.4029360791292,247.3931481460002,251.38336021287114,255.37357227974212],"_type":"histogram"},"batch_step":49,"val_acc":0.21066666666666667,"neuron_2_grad":0,"_wandb":{"runtime":11},"neuron_5_grad":0,"neuron_4_grad":0,"_timestamp":1.772626619827938e+09,"neuron_3_grad":0,"_step":17129,"first_layer_grad_norm":0,"neuron_1_grad":0,"train_loss":1.9101150541012137,"_runtime":11}