{"_timestamp":1.7725413220363038e+09,"_step":19,"epoch":20,"train_loss":0.08699534644156588,"val_loss":0.0865937647995288,"val_acc":0.39166666666666666,"_wandb":{"runtime":16},"_runtime":16}