{"_runtime":35,"epoch":20,"train_loss":0.09941394826374812,"val_loss":0.09894464219789263,"val_acc":0.1055,"_timestamp":1.772542280532649e+09,"_step":19,"_wandb":{"runtime":35}}