{"neuron_2_grad":0,"_runtime":12,"_step":17129,"batch_step":49,"epoch":20,"neuron_1_grad":0,"layer_1_activations":{"_type":"histogram","values":[280999,198,123,85,80,74,64,42,37,39,35,47,41,29,28,26,22,25,29,21,29,23,24,14,17,12,19,22,21,19,20,17,15,15,22,27,20,14,23,22,23,21,24,20,21,19,26,27,29,33,32,33,28,41,40,44,44,53,66,77,102,120,211,356427],"bins":[-1,-0.96875,-0.9375,-0.90625,-0.875,-0.84375,-0.8125,-0.78125,-0.75,-0.71875,-0.6875,-0.65625,-0.625,-0.59375,-0.5625,-0.53125,-0.5,-0.46875,-0.4375,-0.40625,-0.375,-0.34375,-0.3125,-0.28125,-0.25,-0.21875,-0.1875,-0.15625,-0.125,-0.09375,-0.0625,-0.03125,0,0.03125,0.0625,0.09375,0.125,0.15625,0.1875,0.21875,0.25,0.28125,0.3125,0.34375,0.375,0.40625,0.4375,0.46875,0.5,0.53125,0.5625,0.59375,0.625,0.65625,0.6875,0.71875,0.75,0.78125,0.8125,0.84375,0.875,0.90625,0.9375,0.96875,1]},"val_acc":0.8453333333333334,"test_f1":0.836375221087011,"val_loss":0.8316410814739488,"first_layer_grad_norm":3.4951181646945426,"neuron_3_grad":0,"_wandb":{"runtime":12},"neuron_5_grad":0,"neuron_4_grad":0,"_timestamp":1.77262665167579e+09,"train_acc":0.841,"train_loss":1.0826065510308418}