{"_step":19,"epoch":20,"_wandb":{"runtime":24},"_runtime":24,"train_loss":0.13658365443515005,"val_loss":0.17760032895641037,"val_acc":0.9768333333333333,"_timestamp":1.772543835239224e+09}