{"neuron_5_grad":0,"batch_step":49,"epoch":20,"first_layer_grad_norm":0.06443350837960059,"val_loss":1.3971695354051612,"test_f1":0.7401802738996316,"neuron_2_grad":0,"neuron_3_grad":0,"_step":17129,"layer_1_activations":{"bins":[-1,-0.96875,-0.9375,-0.90625,-0.875,-0.84375,-0.8125,-0.78125,-0.75,-0.71875,-0.6875,-0.65625,-0.625,-0.59375,-0.5625,-0.53125,-0.5,-0.46875,-0.4375,-0.40625,-0.375,-0.34375,-0.3125,-0.28125,-0.25,-0.21875,-0.1875,-0.15625,-0.125,-0.09375,-0.0625,-0.03125,0,0.03125,0.0625,0.09375,0.125,0.15625,0.1875,0.21875,0.25,0.28125,0.3125,0.34375,0.375,0.40625,0.4375,0.46875,0.5,0.53125,0.5625,0.59375,0.625,0.65625,0.6875,0.71875,0.75,0.78125,0.8125,0.84375,0.875,0.90625,0.9375,0.96875,1],"_type":"histogram","values":[353068,245,117,100,72,66,46,53,40,53,51,43,24,25,34,24,17,30,21,26,30,27,33,18,17,16,17,15,17,30,21,23,16,19,17,23,19,16,22,29,21,21,21,30,18,32,27,27,38,30,28,33,27,39,41,53,42,53,65,99,100,125,249,284201]},"_runtime":12,"_timestamp":1.772621698658564e+09,"neuron_1_grad":0,"neuron_4_grad":0,"train_acc":0.763,"_wandb":{"runtime":12},"val_acc":0.7543333333333333,"train_loss":1.0514023963633046}