{"_step":9,"epoch":10,"train_loss":0.15002935013439003,"val_loss":0.17800010270856564,"val_acc":0.9783333333333334,"_timestamp":1.7725429137351198e+09,"_wandb":{"runtime":12},"_runtime":12}