{"train_loss":0.04067487713411029,"_runtime":7,"_wandb":{"runtime":7},"epoch":10,"first_layer_grad_norm":0.18380223533460344,"neuron_1_grad":0,"neuron_3_grad":0,"test_f1":0.9738546329955039,"train_acc":0.988,"neuron_4_grad":0,"neuron_5_grad":0,"neuron_2_grad":0,"_step":8589,"val_loss":0.11980390458751239,"batch_step":49,"layer_1_activations":{"_type":"histogram","values":[1991,123,121,119,110,121,111,105,103,94,90,88,82,85,64,60,51,54,44,50,55,38,35,29,33,29,28,26,17,16,16,13,13,10,8,6,11,3,8,10,3,5,1,2,3,2,2,2,2,0,0,0,2,0,0,0,0,0,0,0,0,0,0,2],"bins":[0,0.12549944809797045,0.2509988961959409,0.3764983442939114,0.5019977923918818,0.6274972404898522,0.7529966885878228,0.8784961366857932,1.0039955847837636,1.1294950328817341,1.2549944809797045,1.380493929077675,1.5059933771756455,1.6314928252736158,1.7569922733715864,1.8824917214695567,2.007991169567527,2.1334906176654975,2.2589900657634683,2.3844895138614386,2.509988961959409,2.6354884100573797,2.76098785815535,2.8864873062533203,3.011986754351291,3.1374862024492614,3.2629856505472317,3.388485098645202,3.5139845467431727,3.639483994841143,3.7649834429391134,3.890482891037084,4.015982339135054,4.141481787233025,4.266981235330995,4.392480683428966,4.517980131526937,4.643479579624906,4.768979027722877,4.894478475820848,5.019977923918818,5.145477372016789,5.270976820114759,5.396476268212729,5.5219757163107,5.647475164408671,5.772974612506641,5.898474060604611,6.023973508702582,6.149472956800552,6.274972404898523,6.400471852996493,6.525971301094463,6.651470749192434,6.776970197290404,6.902469645388375,7.0279690934863455,7.153468541584315,7.278967989682286,7.404467437780257,7.529966885878227,7.6554663339761975,7.780965782074168,7.906465230172138,8.031964678270109]},"val_acc":0.9705,"_timestamp":1.772562984566232e+09}