{"_wandb":{"runtime":20},"_runtime":20,"train_loss":0.07809838676179522,"val_loss":0.09857976777857874,"val_acc":0.9716666666666667,"_timestamp":1.772542397432225e+09,"_step":19,"epoch":20}