{"_timestamp":1.772541669393274e+09,"_step":7,"epoch":8,"train_loss":0.077874024001483,"val_loss":0.0774635917282695,"val_acc":0.8998333333333334,"_runtime":7,"_wandb":{"runtime":7}}