{"_timestamp":1.772541068346328e+09,"_step":19,"epoch":20,"train_loss":0.004017221240613987,"_runtime":18,"_wandb":{"runtime":18},"val_loss":0.0889733958104944,"val_acc":0.9798333333333333}