{"_step":19,"epoch":20,"train_loss":0.05268713086770545,"val_loss":0.05272170877487558,"val_acc":0.8541666666666666,"_timestamp":1.7725420350024588e+09,"_runtime":58,"_wandb":{"runtime":58}}