{"val_acc":0.9706666666666667,"_timestamp":1.772543770053901e+09,"_wandb":{"runtime":11},"_runtime":11,"_step":19,"epoch":20,"train_loss":0.0018471995520420064,"val_loss":0.005311998701992064}