{"_step":9,"epoch":10,"train_loss":0.2299227597524055,"_wandb":{"runtime":10},"_runtime":10,"val_loss":0.2221082601008689,"val_acc":0.9366666666666666,"_timestamp":1.772541746726112e+09}