{"neuron_3_grad":0,"epoch":20,"train_acc":0.9774,"layer_1_activations":{"bins":[0,0.07090034940107788,0.14180069880215576,0.21270104820323366,0.2836013976043115,0.3545017470053894,0.4254020964064673,0.4963024458075452,0.567202795208623,0.638103144609701,0.7090034940107788,0.7799038434118567,0.8508041928129346,0.9217045422140124,0.9926048916150904,1.0635052410161683,1.134405590417246,1.205305939818324,1.276206289219402,1.3471066386204797,1.4180069880215576,1.4889073374226356,1.5598076868237134,1.6307080362247912,1.7016083856258692,1.772508735026947,1.8434090844280249,1.9143094338291027,1.9852097832301807,2.0561101326312587,2.1270104820323366,2.1979108314334144,2.268811180834492,2.33971153023557,2.410611879636648,2.4815122290377256,2.552412578438804,2.6233129278398817,2.6942132772409595,2.7651136266420373,2.836013976043115,2.906914325444193,2.977814674845271,3.048715024246349,3.119615373647427,3.1905157230485046,3.2614160724495824,3.3323164218506602,3.4032167712517385,3.4741171206528163,3.545017470053894,3.615917819454972,3.6868181688560497,3.7577185182571275,3.8286188676582054,3.8995192170592836,3.9704195664603614,4.041319915861439,4.1122202652625175,4.183120614663595,4.254020964064673,4.324921313465751,4.395821662866829,4.4667220122679065,4.537622361668984],"_type":"histogram","values":[3253,269,270,285,262,269,268,242,248,226,204,215,180,160,161,152,154,121,139,129,96,106,96,79,74,57,72,45,45,36,44,31,23,27,18,18,18,16,14,11,6,3,11,4,5,9,1,3,4,2,1,1,2,0,1,0,0,0,1,1,1,1,0,2]},"_timestamp":1.7725442643954828e+09,"test_f1":0.9676523510202335,"val_acc":0.9686666666666667,"neuron_2_grad":0,"neuron_4_grad":0,"train_loss":0.08584740616757428,"first_layer_grad_norm":1.5679717779106337,"_wandb":{"runtime":18},"_step":17129,"val_loss":0.10596744809760042,"_runtime":18,"neuron_1_grad":0,"neuron_5_grad":0,"batch_step":49}