{"train_loss":0.08998152195696468,"val_loss":0.0900002653372492,"val_acc":0.109,"_wandb":{"runtime":13},"_runtime":13,"_timestamp":1.772541614812814e+09,"_step":19,"epoch":20}