{"_runtime":5,"_timestamp":1.772541290774451e+09,"_step":9,"epoch":10,"train_loss":0.151678042412865,"val_loss":0.1823147295607272,"val_acc":0.7365,"_wandb":{"runtime":5}}