{"_wandb":{"runtime":31},"_runtime":31,"train_loss":0.001649446907374805,"val_loss":0.004248827969731392,"val_acc":0.9761666666666666,"_timestamp":1.7725425337950442e+09,"_step":19,"epoch":20}