{"_runtime":49,"train_loss":0.3983067134178673,"val_loss":0.3901746816247246,"val_acc":0.89,"_timestamp":1.7725422218077939e+09,"_step":19,"epoch":20,"_wandb":{"runtime":49}}