{"train_loss":0.053752572822436055,"_wandb":{"runtime":21},"_runtime":21,"val_loss":0.12306376331199018,"val_acc":0.9685,"_timestamp":1.7725423692760441e+09,"_step":19,"epoch":20}