{"val_acc":0.9121666666666667,"_timestamp":1.7725426684170518e+09,"_wandb":{"runtime":21},"_runtime":21,"_step":19,"epoch":20,"train_loss":0.06015595449307428,"val_loss":0.06632099792691054}