{"_wandb":{"runtime":6},"_runtime":6,"val_acc":0.9771666666666666,"_timestamp":1.772541335350945e+09,"_step":9,"epoch":10,"train_loss":0.0126603596379394,"val_loss":0.08852336440164106}