{"_runtime":38,"_step":19,"epoch":20,"train_loss":0.09626355287712823,"val_loss":0.09627858784497251,"val_acc":0.109,"_timestamp":1.772541458076483e+09,"_wandb":{"runtime":38}}