{"first_layer_grad_norm":0.1735388696330103,"layer_1_activations":{"values":[1166,175,95,85,59,71,53,45,26,34,34,32,17,25,30,22,18,14,17,22,27,18,26,23,21,24,15,11,11,28,23,12,18,23,20,20,21,27,25,20,22,9,22,19,17,18,19,16,16,31,22,27,27,32,38,23,35,54,49,47,81,89,143,787],"bins":[4.917634247047428e-14,0.015624999999815278,0.03124999999958138,0.04687499999934748,0.062499999999113584,0.07812499999887969,0.09374999999864579,0.1093749999984119,0.124999999998178,0.1406249999979441,0.1562499999977102,0.1718749999974763,0.1874999999972424,0.2031249999970085,0.2187499999967746,0.2343749999965407,0.24999999999630682,0.2656249999960729,0.281249999995839,0.2968749999956051,0.3124999999953712,0.32812499999513733,0.3437499999949034,0.35937499999466954,0.3749999999944356,0.39062499999420175,0.4062499999939678,0.42187499999373396,0.43749999999350003,0.45312499999326616,0.46874999999303224,0.48437499999279837,0.49999999999256445,0.5156249999923306,0.5312499999920967,0.5468749999918627,0.5624999999916288,0.578124999991395,0.5937499999911611,0.6093749999909271,0.6249999999906932,0.6406249999904594,0.6562499999902255,0.6718749999899916,0.6874999999897576,0.7031249999895238,0.7187499999892899,0.734374999989056,0.749999999988822,0.7656249999885881,0.7812499999883543,0.7968749999881204,0.8124999999878865,0.8281249999876525,0.8437499999874187,0.8593749999871848,0.8749999999869509,0.890624999986717,0.9062499999864831,0.9218749999862492,0.9374999999860153,0.9531249999857814,0.9687499999855476,0.9843749999853136,0.9999999999850797],"_type":"histogram"},"neuron_2_grad":0,"train_acc":0.992,"test_f1":0.974170098913256,"epoch":20,"_wandb":{"runtime":15},"_step":17129,"_timestamp":1.772544418238785e+09,"neuron_4_grad":0,"val_loss":0.08867016370542674,"neuron_5_grad":0,"train_loss":0.0370235472729633,"_runtime":15,"batch_step":49,"val_acc":0.9761666666666666,"neuron_1_grad":0,"neuron_3_grad":0}