{"val_acc":0.8088333333333333,"neuron_5_grad":0,"_runtime":12,"neuron_3_grad":0,"epoch":20,"_step":17129,"_wandb":{"runtime":12},"batch_step":49,"train_loss":1.0661732918557354,"neuron_2_grad":0,"val_loss":1.1079434073027212,"layer_1_activations":{"values":[262832,244,139,107,68,68,64,50,52,35,39,28,32,26,41,30,29,26,22,22,18,18,9,22,14,22,18,12,23,23,18,24,23,16,12,20,23,27,24,16,23,30,26,23,20,24,34,20,41,14,25,35,39,39,39,39,43,63,75,72,102,110,211,374517],"bins":[-1,-0.96875,-0.9375,-0.90625,-0.875,-0.84375,-0.8125,-0.78125,-0.75,-0.71875,-0.6875,-0.65625,-0.625,-0.59375,-0.5625,-0.53125,-0.5,-0.46875,-0.4375,-0.40625,-0.375,-0.34375,-0.3125,-0.28125,-0.25,-0.21875,-0.1875,-0.15625,-0.125,-0.09375,-0.0625,-0.03125,0,0.03125,0.0625,0.09375,0.125,0.15625,0.1875,0.21875,0.25,0.28125,0.3125,0.34375,0.375,0.40625,0.4375,0.46875,0.5,0.53125,0.5625,0.59375,0.625,0.65625,0.6875,0.71875,0.75,0.78125,0.8125,0.84375,0.875,0.90625,0.9375,0.96875,1],"_type":"histogram"},"neuron_4_grad":0,"neuron_1_grad":0,"_timestamp":1.7726269700132968e+09,"train_acc":0.8174,"first_layer_grad_norm":0.8528855712029223,"test_f1":0.8112694193114048}