{"neuron_5_grad":0,"train_loss":0.01564599040629209,"layer_1_activations":{"bins":[0,0.1859888812702365,0.371977762540473,0.5579666438107095,0.743955525080946,0.9299444063511825,1.115933287621419,1.3019221688916556,1.487911050161892,1.6738999314321283,1.859888812702365,2.0458776939726016,2.231866575242838,2.4178554565130743,2.603844337783311,2.7898332190535475,2.975822100323784,3.1618109815940203,3.3477998628642567,3.5337887441344935,3.71977762540473,3.9057665066749663,4.091755387945203,4.2777442692154395,4.463733150485676,4.649722031755912,4.835710913026149,5.021699794296385,5.207688675566622,5.393677556836859,5.579666438107095,5.7656553193773314,5.951644200647568,6.137633081917804,6.323621963188041,6.509610844458277,6.695599725728513,6.881588606998751,7.067577488268987,7.253566369539223,7.43955525080946,7.625544132079696,7.8115330133499326,7.997521894620169,8.183510775890406,8.369499657160642,8.555488538430879,8.741477419701114,8.927466300971352,9.113455182241589,9.299444063511825,9.485432944782062,9.671421826052297,9.857410707322535,10.04339958859277,10.229388469863007,10.415377351133245,10.60136623240348,10.787355113673717,10.973343994943953,11.15933287621419,11.345321757484426,11.531310638754663,11.717299520024898,11.903288401295136],"_type":"histogram","values":[5357,330,305,271,253,206,206,170,143,144,124,109,82,71,74,54,46,37,33,34,21,25,17,16,6,9,4,6,5,7,3,1,3,2,0,2,3,2,3,0,1,0,0,0,1,0,0,0,0,1,2,1,0,1,0,0,0,0,0,0,0,0,0,1]},"first_layer_grad_norm":3.7894470651780754,"epoch":15,"val_acc":0.9793333333333333,"_runtime":15,"neuron_1_grad":0,"neuron_4_grad":0,"neuron_3_grad":0,"_wandb":{"runtime":15},"_step":12859,"batch_step":49,"train_acc":0.9976,"_timestamp":1.772540780146493e+09,"test_f1":0.9779088480748467,"neuron_2_grad":0,"val_loss":0.1600895576009867}