{"epoch":20,"train_loss":0.01117630381163362,"_wandb":{"runtime":6},"_runtime":6,"val_loss":0.011452395636991736,"val_acc":0.9538333333333333,"_timestamp":1.772543548542472e+09,"_step":19}