{"_runtime":20,"val_loss":0.09450204285185065,"val_acc":0.9793333333333333,"_timestamp":1.77254380473875e+09,"_step":19,"epoch":20,"train_loss":0.016066576568340485,"_wandb":{"runtime":20}}