{"neuron_1_grad":0,"layer_1_activations":{"bins":[0,0.4851224985341218,0.9702449970682436,1.4553674956023654,1.9404899941364873,2.4256124926706093,2.910734991204731,3.3958574897388525,3.8809799882729745,4.366102486807097,4.851224985341219,5.33634748387534,5.821469982409462,6.306592480943584,6.791714979477705,7.276837478011827,7.761959976545949,8.24708247508007,8.732204973614193,9.217327472148314,9.702449970682437,10.187572469216558,10.67269496775068,11.157817466284802,11.642939964818924,12.128062463353045,12.613184961887168,13.098307460421289,13.58342995895541,14.068552457489533,14.553674956023654,15.038797454557777,15.523919953091898,16.00904245162602,16.49416495016014,16.979287448694265,17.464409947228386,17.949532445762507,18.43465494429663,18.91977744283075,19.404899941364874,19.890022439898996,20.375144938433117,20.860267436967238,21.34538993550136,21.83051243403548,22.315634932569605,22.800757431103726,23.285879929637847,23.77100242817197,24.25612492670609,24.741247425240214,25.226369923774335,25.711492422308456,26.196614920842578,26.6817374193767,27.16685991791082,27.651982416444945,28.137104914979066,28.622227413513187,29.107349912047308,29.59247241058143,30.077594909115554,30.562717407649675,31.047839906183796],"_type":"histogram","values":[4084,0,0,0,0,0,0,0,1,1,0,0,0,0,0,0,0,0,1,0,1,0,0,0,0,0,0,0,0,0,1,0,0,0,0,0,0,0,0,0,1,0,0,0,0,1,0,0,0,2,1,0,1,0,0,0,0,0,0,0,0,0,0,1]},"_timestamp":1.772619987208944e+09,"first_layer_grad_norm":0.2569363797830667,"neuron_2_grad":0,"neuron_3_grad":0,"neuron_4_grad":0,"neuron_5_grad":0,"_step":902,"_wandb":{"runtime":0},"_runtime":0,"batch_step":49}