{"neuron_5_grad":0,"val_acc":0.8253333333333334,"val_loss":0.9814395343329277,"train_loss":1.09595267440043,"_step":17129,"batch_step":49,"_wandb":{"runtime":12},"neuron_4_grad":0,"neuron_1_grad":0,"neuron_3_grad":0,"test_f1":0.8055633674248039,"_timestamp":1.77254451752928e+09,"epoch":20,"neuron_2_grad":0,"layer_1_activations":{"values":[2151,3,0,3,0,0,0,0,1,1,0,1,0,1,0,0,0,0,0,0,0,0,0,0,0,0,1,0,0,0,0,0,0,0,0,1,0,0,0,0,0,0,1,0,0,0,0,1,2,0,0,0,0,0,0,1,0,0,0,2,1,2,1,1922],"bins":[-1,-0.96875,-0.9375,-0.90625,-0.875,-0.84375,-0.8125,-0.78125,-0.75,-0.71875,-0.6875,-0.65625,-0.625,-0.59375,-0.5625,-0.53125,-0.5,-0.46875,-0.4375,-0.40625,-0.375,-0.34375,-0.3125,-0.28125,-0.25,-0.21875,-0.1875,-0.15625,-0.125,-0.09375,-0.0625,-0.03125,0,0.03125,0.0625,0.09375,0.125,0.15625,0.1875,0.21875,0.25,0.28125,0.3125,0.34375,0.375,0.40625,0.4375,0.46875,0.5,0.53125,0.5625,0.59375,0.625,0.65625,0.6875,0.71875,0.75,0.78125,0.8125,0.84375,0.875,0.90625,0.9375,0.96875,1],"_type":"histogram"},"first_layer_grad_norm":0.330650221992531,"_runtime":12,"train_acc":0.831}