{"val_loss":0.0048480391106168015,"val_acc":0.972,"_timestamp":1.772542728645351e+09,"_step":19,"_wandb":{"runtime":26},"_runtime":26,"epoch":20,"train_loss":0.002091308473057044}