{"train_loss":0.5027828787273848,"val_loss":0.4798338594809839,"val_acc":0.8995,"_timestamp":1.772543158083305e+09,"_step":9,"epoch":10,"_wandb":{"runtime":22},"_runtime":22}