{"epoch":10,"train_loss":2.3020683037367187,"val_loss":2.3034963466170058,"val_acc":0.1055,"_timestamp":1.772541547181951e+09,"_step":9,"_wandb":{"runtime":12},"_runtime":12}