{"val_acc":0.4058333333333333,"_timestamp":1.772541238661985e+09,"_step":19,"epoch":20,"_wandb":{"runtime":41},"_runtime":41,"train_loss":0.08906659739320247,"val_loss":0.08893296742289224}