{"_step":9,"epoch":10,"train_loss":0.0665603069896118,"val_loss":0.0654609727862512,"val_acc":0.965,"_timestamp":1.77254385567545e+09,"_wandb":{"runtime":12},"_runtime":12}