{"epoch":20,"train_loss":0.8208896768583237,"val_loss":0.8531217504908658,"_runtime":14,"_wandb":{"runtime":14},"val_acc":0.8598333333333333,"_timestamp":1.7725431098365781e+09,"_step":19}