{"val_acc":0.9506666666666667,"_step":8589,"train_acc":0.9622,"neuron_5_grad":0,"layer_1_activations":{"bins":[1.7515354446366168e-13,0.015625000000081976,0.031249999999988797,0.04687499999989561,0.062499999999802436,0.07812499999970926,0.09374999999961607,0.1093749999995229,0.12499999999942972,0.14062499999933656,0.15624999999924338,0.1718749999991502,0.187499999999057,0.20312499999896383,0.21874999999887065,0.23437499999877748,0.2499999999986843,0.26562499999859107,0.2812499999984979,0.2968749999984047,0.3124999999983116,0.32812499999821837,0.3437499999981252,0.359374999998032,0.3749999999979388,0.39062499999784567,0.40624999999775246,0.4218749999976593,0.4374999999975661,0.45312499999747297,0.46874999999737976,0.4843749999972866,0.4999999999971934,0.5156249999971003,0.5312499999970071,0.5468749999969139,0.5624999999968208,0.5781249999967276,0.5937499999966344,0.6093749999965412,0.6249999999964481,0.6406249999963548,0.6562499999962617,0.6718749999961685,0.6874999999960754,0.7031249999959821,0.718749999995889,0.7343749999957958,0.7499999999957025,0.7656249999956094,0.7812499999955163,0.7968749999954231,0.8124999999953298,0.8281249999952367,0.8437499999951436,0.8593749999950504,0.8749999999949571,0.890624999994864,0.9062499999947708,0.9218749999946776,0.9374999999945844,0.9531249999944913,0.9687499999943981,0.9843749999943049,0.9999999999942117],"_type":"histogram","values":[1056,126,77,74,55,37,43,29,40,20,22,22,20,23,23,25,22,25,22,24,19,16,15,17,14,10,16,17,14,12,15,13,13,7,11,9,11,16,6,13,13,16,15,16,17,17,27,21,16,21,21,19,21,29,30,29,37,43,62,67,74,89,173,1174]},"test_f1":0.9516005200442519,"neuron_4_grad":0,"first_layer_grad_norm":0.3532636862369024,"train_loss":0.14313664141295213,"neuron_3_grad":0,"val_loss":0.17260532498754347,"neuron_1_grad":0,"batch_step":49,"epoch":10,"_runtime":13,"_timestamp":1.772563377349071e+09,"neuron_2_grad":0,"_wandb":{"runtime":13}}