{"val_acc":0.9813333333333333,"_wandb":{"runtime":22},"_runtime":22,"_timestamp":1.7725428294586859e+09,"_step":19,"epoch":20,"train_loss":0.01287839777734128,"val_loss":0.08411789197046157}