{"batch_step":49,"_runtime":11,"neuron_4_grad":0,"test_f1":0.9618246080062945,"neuron_2_grad":0,"train_acc":0.9736,"neuron_5_grad":0,"layer_1_activations":{"_type":"histogram","values":[1069,161,109,80,73,45,37,41,37,31,36,33,22,22,15,25,22,21,16,30,14,13,16,16,10,16,19,8,12,16,17,18,18,24,13,20,14,13,9,20,18,15,19,23,12,20,16,17,21,14,27,30,32,33,34,33,40,37,63,52,65,101,162,981],"bins":[2.0909770294898414e-12,0.01562500000205826,0.031250000002025546,0.04687500000199283,0.06250000000196011,0.07812500000192739,0.09375000000189468,0.10937500000186197,0.12500000000182923,0.1406250000017965,0.15625000000176378,0.1718750000017311,0.18750000000169836,0.20312500000166564,0.21875000000163294,0.23437500000160022,0.2500000000015675,0.26562500000153483,0.2812500000015021,0.2968750000014694,0.31250000000143663,0.32812500000140393,0.34375000000137124,0.3593750000013385,0.3750000000013058,0.3906250000012731,0.40625000000124034,0.42187500000120765,0.43750000000117495,0.4531250000011422,0.4687500000011095,0.48437500000107675,0.500000000001044,0.5156250000010113,0.5312500000009787,0.5468750000009459,0.5625000000009132,0.5781250000008805,0.5937500000008478,0.609375000000815,0.6250000000007823,0.6406250000007496,0.6562500000007169,0.6718750000006841,0.6875000000006515,0.7031250000006187,0.718750000000586,0.7343750000005533,0.7500000000005206,0.7656250000004878,0.7812500000004552,0.7968750000004224,0.8125000000003897,0.828125000000357,0.8437500000003243,0.8593750000002915,0.8750000000002589,0.8906250000002262,0.9062500000001934,0.9218750000001606,0.937500000000128,0.9531250000000953,0.9687500000000625,0.9843750000000299,0.9999999999999971]},"neuron_1_grad":0,"first_layer_grad_norm":0.13944090088251368,"epoch":10,"train_loss":0.11012256909588634,"val_acc":0.9628333333333333,"_wandb":{"runtime":11},"_step":8589,"_timestamp":1.772562963358498e+09,"neuron_3_grad":0,"val_loss":0.12920264656362065}