{"_step":19,"epoch":20,"train_loss":0.07739226552138682,"_wandb":{"runtime":34},"_runtime":34,"val_loss":0.0772016360030234,"val_acc":0.964,"_timestamp":1.772542575628018e+09}