{"_runtime":38,"val_loss":0.1639733970008185,"val_acc":0.9643333333333334,"_timestamp":1.7725423338798609e+09,"_step":7,"epoch":8,"train_loss":0.12250054395802212,"_wandb":{"runtime":38}}