{"epoch":20,"train_loss":0.2658456081995109,"val_loss":0.2672112307989352,"val_acc":0.9255,"_timestamp":1.7725432738622022e+09,"_step":19,"_wandb":{"runtime":43},"_runtime":43}