{"_wandb":{"runtime":10},"_runtime":10,"_step":19,"epoch":20,"train_loss":0.06982813360284838,"val_loss":0.1682862582356582,"val_acc":0.9673333333333334,"_timestamp":1.772542110017768e+09}