{"_runtime":11,"_timestamp":1.772541713532809e+09,"_step":7,"epoch":8,"train_loss":0.2579955458722885,"val_loss":0.2652140133608806,"val_acc":0.958,"_wandb":{"runtime":11}}