{"train_loss":2.3014932106150505,"_wandb":{"runtime":15},"_runtime":15,"val_loss":2.302281394952777,"val_acc":0.109,"_timestamp":1.772541527605948e+09,"_step":9,"epoch":10}