{"epoch":20,"train_loss":0.08466851275359902,"_wandb":{"runtime":13},"_runtime":13,"val_loss":0.11699396586995503,"val_acc":0.9705,"_timestamp":1.7725437196046e+09,"_step":19}