{"_wandb":{"runtime":6},"_runtime":6,"val_acc":0.109,"_timestamp":1.77254215857135e+09,"_step":9,"epoch":10,"train_loss":2.3142736709584826,"val_loss":2.316307855995737}