{"val_acc":0.8681666666666666,"epoch":15,"first_layer_grad_norm":3.387220599469033,"_wandb":{"runtime":15},"neuron_5_grad":0,"train_loss":0.26619655930082325,"neuron_1_grad":0,"neuron_3_grad":0,"test_f1":0.8658245443090484,"train_acc":0.8918,"_runtime":15,"neuron_4_grad":0,"layer_1_activations":{"values":[7038,615,190,62,36,21,20,8,12,15,13,11,16,10,8,13,9,10,5,7,7,2,7,3,8,2,5,1,4,2,3,1,0,1,3,1,2,1,3,1,2,0,0,1,0,1,1,0,0,0,3,2,0,0,0,1,0,1,0,1,1,0,1,1],"bins":[0,1.5209759696972156,3.041951939394431,4.562927909091647,6.083903878788862,7.604879848486078,9.125855818183293,10.64683178788051,12.167807757577725,13.68878372727494,15.209759696972156,16.73073566666937,18.251711636366586,19.7726876060638,21.29366357576102,22.814639545458235,24.33561551515545,25.856591484852665,27.37756745454988,28.898543424247098,30.419519393944313,31.940495363641528,33.46147133333874,34.98244730303596,36.50342327273317,38.02439924243039,39.5453752121276,41.06635118182482,42.58732715152204,44.10830312121925,45.62927909091647,47.15025506061368,48.6712310303109,50.19220700000812,51.71318296970533,53.23415893940255,54.75513490909976,56.27611087879698,57.797086848494196,59.31806281819141,60.839038787888626,62.36001475758584,63.880990727283056,65.40196669698027,66.92294266667749,68.4439186363747,69.96489460607192,71.48587057576913,73.00684654546635,74.52782251516356,76.04879848486078,77.569774454558,79.0907504242552,80.61172639395242,82.13270236364964,83.65367833334686,85.17465430304408,86.69563027274128,88.2166062424385,89.73758221213572,91.25855818183294,92.77953415153016,94.30051012122736,95.82148609092458,97.3424620606218],"_type":"histogram"},"val_loss":0.518896664310896,"neuron_2_grad":0,"_timestamp":1.77254466852382e+09,"_step":12859,"batch_step":49}