{"_step":19,"epoch":20,"train_loss":0.103498937054336,"val_loss":0.17437906148896748,"val_acc":0.9703333333333334,"_wandb":{"runtime":25},"_runtime":25,"_timestamp":1.7725432214596329e+09}