{"val_acc":0.2986666666666667,"val_loss":1.793192837197298,"_step":17129,"_timestamp":1.77262752380371e+09,"test_f1":0.21159783793700732,"neuron_1_grad":0,"epoch":20,"train_acc":0.2914,"dead_neuron_fraction":0.995103125,"neuron_3_grad":0,"_wandb":{"runtime":11},"train_loss":1.8276758266100008,"neuron_4_grad":0,"first_layer_grad_norm":0.004024134474464761,"neuron_5_grad":0,"_runtime":11,"batch_step":49,"neuron_2_grad":0,"layer_1_activations":{"bins":[0,4.619238590111472,9.238477180222944,13.857715770334416,18.476954360445887,23.09619295055736,27.71543154066883,32.3346701307803,36.953908720891775,41.57314731100325,46.19238590111472,50.81162449122619,55.43086308133766,60.050101671449134,64.6693402615606,69.28857885167207,73.90781744178355,78.52705603189503,83.1462946220065,87.76553321211796,92.38477180222944,97.00401039234092,101.62324898245238,106.24248757256385,110.86172616267532,115.4809647527868,120.10020334289827,124.71944193300973,129.3386805231212,133.9579191132327,138.57715770334414,143.19639629345562,147.8156348835671,152.43487347367858,157.05411206379006,161.6733506539015,166.292589244013,170.91182783412447,175.53106642423592,180.1503050143474,184.76954360445887,189.38878219457035,194.00802078468183,198.62725937479328,203.24649796490476,207.86573655501624,212.4849751451277,217.10421373523917,221.72345232535065,226.34269091546213,230.9619295055736,235.58116809568506,240.20040668579654,244.81964527590802,249.43888386601947,254.05812245613095,258.6773610462424,263.2965996363539,267.9158382264654,272.53507681657686,277.1543154066883,281.77355399679976,286.39279258691124,291.0120311770227,295.6312697671342],"_type":"histogram","values":[636931,103,89,77,88,93,96,106,101,106,107,119,116,102,115,126,110,102,108,112,86,83,68,80,70,55,59,55,57,44,52,43,45,51,29,33,22,20,22,14,18,17,2,12,7,10,8,5,5,1,2,6,4,2,1,1,1,0,0,1,0,0,1,1]}}