{"train_loss":0.002721008908722309,"val_loss":0.005943491386776468,"val_acc":0.967,"_timestamp":1.772541184113217e+09,"_wandb":{"runtime":17},"_runtime":17,"_step":19,"epoch":20}