{"neuron_2_grad":0,"_wandb":{"runtime":12},"_runtime":12,"neuron_3_grad":0,"val_acc":0.7983333333333333,"batch_step":49,"neuron_5_grad":0,"first_layer_grad_norm":0.43423178534274914,"_step":17129,"dead_neuron_fraction":0,"test_f1":0.7859702667176987,"neuron_4_grad":0,"layer_1_activations":{"_type":"histogram","values":[336162,324,172,140,112,91,69,66,69,50,47,35,40,38,44,35,42,32,24,30,35,26,30,35,34,29,27,31,36,31,36,29,20,15,28,29,29,27,22,28,28,43,41,29,37,35,35,30,39,46,46,41,44,38,66,52,62,73,103,115,137,192,310,300159],"bins":[-1,-0.96875,-0.9375,-0.90625,-0.875,-0.84375,-0.8125,-0.78125,-0.75,-0.71875,-0.6875,-0.65625,-0.625,-0.59375,-0.5625,-0.53125,-0.5,-0.46875,-0.4375,-0.40625,-0.375,-0.34375,-0.3125,-0.28125,-0.25,-0.21875,-0.1875,-0.15625,-0.125,-0.09375,-0.0625,-0.03125,0,0.03125,0.0625,0.09375,0.125,0.15625,0.1875,0.21875,0.25,0.28125,0.3125,0.34375,0.375,0.40625,0.4375,0.46875,0.5,0.53125,0.5625,0.59375,0.625,0.65625,0.6875,0.71875,0.75,0.78125,0.8125,0.84375,0.875,0.90625,0.9375,0.96875,1]},"train_loss":0.9679552659135419,"train_acc":0.805,"val_loss":1.0855345986490357,"neuron_1_grad":0,"_timestamp":1.77262763290255e+09,"epoch":20}