{"_runtime":12,"_step":9,"epoch":10,"train_loss":0.4892248191983145,"val_loss":0.4972455916459453,"val_acc":0.9493333333333334,"_timestamp":1.772541150022051e+09,"_wandb":{"runtime":12}}