{"_step":19,"_wandb":{"runtime":25},"_runtime":25,"epoch":20,"train_loss":0.022504933540421636,"val_loss":0.022666568146659696,"val_acc":0.9668333333333333,"_timestamp":1.772543750627112e+09}