{"_runtime":25,"val_loss":69.50819485695095,"val_acc":0.09666666666666666,"_timestamp":1.7725436057043252e+09,"_step":19,"epoch":20,"train_loss":68.92688815731965,"_wandb":{"runtime":25}}