{"epoch":20,"train_loss":0.2638937787466054,"val_loss":0.2542049988329328,"val_acc":0.5866666666666667,"_wandb":{"runtime":25},"_runtime":25,"_timestamp":1.7725433664863958e+09,"_step":19}