{"_wandb":{"runtime":17},"_runtime":17,"_step":19,"epoch":20,"train_loss":0.006710382715694941,"val_loss":0.008543155921878081,"val_acc":0.9671666666666666,"_timestamp":1.772543182643272e+09}