{"val_acc":0.3411666666666667,"_timestamp":1.7725416924863439e+09,"_step":9,"epoch":10,"train_loss":0.08329399280937959,"_wandb":{"runtime":8},"_runtime":8,"val_loss":0.08185124518886937}