{"_wandb":{"runtime":30},"_runtime":30,"val_acc":0.963,"_timestamp":1.7725433109990468e+09,"_step":19,"epoch":20,"train_loss":0.08518890951655916,"val_loss":0.0852469263118035}