{"epoch":20,"_wandb":{"runtime":12},"_runtime":12,"train_loss":0.15979273929368995,"val_loss":0.2691376683649187,"val_acc":0.9518333333333333,"_timestamp":1.772542688998407e+09,"_step":19}