{"val_loss":0.2418607353958637,"val_acc":0.9656666666666667,"_timestamp":1.7725436928229e+09,"_wandb":{"runtime":18},"_runtime":18,"_step":19,"epoch":20,"train_loss":0.055713858263521286}