{"epoch":20,"train_loss":0.011968601125468797,"val_loss":0.012304161433674157,"val_acc":0.9575,"_timestamp":1.7725439068811038e+09,"_wandb":{"runtime":8},"_runtime":8,"_step":19}