{"_wandb":{"runtime":13},"_runtime":13,"epoch":10,"train_loss":0.010062272002190927,"val_loss":0.014269867644192273,"val_acc":0.9276666666666666,"_timestamp":1.77254137167933e+09,"_step":9}