{"epoch":8,"train_loss":0.5245590829993784,"_wandb":{"runtime":6},"_runtime":6,"val_loss":0.47930181358576923,"val_acc":0.8776666666666667,"_timestamp":1.772542093871895e+09,"_step":7}