{"val_loss":0.06554743298053875,"val_acc":0.9816666666666667,"_timestamp":1.7725413871206179e+09,"_wandb":{"runtime":7},"_runtime":7,"_step":7,"epoch":8,"train_loss":0.034609984401393006}