{"_step":19,"epoch":20,"train_loss":0.2702423937538739,"val_loss":0.3718163710828186,"val_acc":0.9516666666666667,"_timestamp":1.7725434720784068e+09,"_wandb":{"runtime":26},"_runtime":26}