{"neuron_2_grad":0,"neuron_5_grad":0,"train_acc":0.9626,"_timestamp":1.772544597958844e+09,"epoch":1,"train_loss":0.26420676505848273,"neuron_3_grad":0,"_runtime":1,"val_loss":0.13287380856667044,"first_layer_grad_norm":0.8512881802925812,"test_f1":0.9581014746918987,"neuron_4_grad":0,"val_acc":0.96,"neuron_1_grad":0,"_wandb":{"runtime":1},"_step":903,"batch_step":49,"layer_1_activations":{"_type":"histogram","values":[4483,242,243,216,229,239,196,169,158,182,144,179,148,148,133,128,101,105,92,73,61,63,67,62,34,33,42,30,29,21,16,21,11,15,14,13,8,9,4,2,5,1,4,5,2,3,1,1,3,1,1,0,0,0,1,0,0,0,0,0,0,0,0,1],"bins":[0,0.07902798753919907,0.15805597507839814,0.2370839626175972,0.3161119501567963,0.3951399376959953,0.4741679252351944,0.5531959127743935,0.6322239003135925,0.7112518878527916,0.7902798753919906,0.8693078629311898,0.9483358504703888,1.027363838009588,1.106391825548787,1.185419813087986,1.264447800627185,1.3434757881663841,1.4225037757055832,1.5015317632447822,1.5805597507839813,1.6595877383231805,1.7386157258623796,1.8176437134015786,1.8966717009407776,1.9756996884799767,2.054727676019176,2.1337556635583748,2.212783651097574,2.291811638636773,2.370839626175972,2.449867613715171,2.52889560125437,2.6079235887935694,2.6869515763327683,2.7659795638719675,2.8450075514111663,2.9240355389503656,3.0030635264895644,3.0820915140287637,3.1611195015679625,3.2401474891071618,3.319175476646361,3.39820346418556,3.477231451724759,3.556259439263958,3.635287426803157,3.714315414342356,3.7933434018815553,3.8723713894207545,3.9513993769599534,4.030427364499152,4.109455352038352,4.188483339577551,4.2675113271167495,4.346539314655948,4.425567302195148,4.504595289734347,4.583623277273546,4.662651264812745,4.741679252351944,4.820707239891143,4.899735227430342,4.9787632149695416,5.05779120250874]}}