{"val_loss":4.379502831351715,"val_acc":0.0975,"_timestamp":1.772541279330806e+09,"_step":9,"epoch":10,"_wandb":{"runtime":11},"_runtime":11,"train_loss":4.019222993883876}