{"_timestamp":1.772542238037247e+09,"_step":9,"epoch":10,"train_loss":0.046299478277339365,"val_loss":0.04574724013084099,"val_acc":0.8391666666666666,"_wandb":{"runtime":9},"_runtime":9}