{"_timestamp":1.7725424373674629e+09,"_step":9,"epoch":10,"train_loss":0.04898945697511822,"val_loss":0.04878211406662962,"_runtime":20,"_wandb":{"runtime":20},"val_acc":0.8095}