{"_wandb":{"runtime":29},"_runtime":29,"epoch":20,"train_loss":0.01430054546043439,"val_loss":0.013626650521393176,"val_acc":0.9445,"_timestamp":1.772542886760142e+09,"_step":19}