{"_step":19,"_wandb":{"runtime":62},"_runtime":62,"epoch":20,"train_loss":0.27023800902381523,"val_loss":0.28464311734259706,"val_acc":0.9693333333333334,"_timestamp":1.772543437436142e+09}