{"_wandb":{"runtime":28},"_runtime":28,"_timestamp":1.772541652817485e+09,"_step":9,"epoch":10,"train_loss":0.3205535312214487,"val_loss":0.31219493801893966,"val_acc":0.9151666666666667}