{"neuron_4_grad":0,"first_layer_grad_norm":0.12254739191563287,"neuron_5_grad":0,"neuron_1_grad":0,"test_f1":0.971984530637445,"neuron_2_grad":0,"_step":8589,"neuron_3_grad":0,"val_acc":0.9741666666666666,"val_loss":0.10005134144297693,"batch_step":49,"layer_1_activations":{"bins":[0,0.10997006528538533,0.21994013057077066,0.329910195856156,0.43988026114154133,0.5498503264269267,0.659820391712312,0.7697904569976973,0.8797605222830827,0.989730587568468,1.0997006528538533,1.2096707181392388,1.319640783424624,1.4296108487100092,1.5395809139953947,1.64955097928078,1.7595210445661653,1.8694911098515505,1.979461175136936,2.0894312404223214,2.1994013057077066,2.309371370993092,2.4193414362784775,2.5293115015638628,2.639281566849248,2.749251632134633,2.8592216974200184,2.969191762705404,3.0791618279907893,3.1891318932761745,3.29910195856156,3.4090720238469454,3.5190420891323306,3.629012154417716,3.738982219703101,3.8489522849884867,3.958922350273872,4.068892415559257,4.178862480844643,4.288832546130028,4.398802611415413,4.508772676700799,4.618742741986184,4.728712807271569,4.838682872556955,4.94865293784234,5.0586230031277255,5.16859306841311,5.278563133698496,5.388533198983882,5.498503264269266,5.608473329554652,5.718443394840037,5.8284134601254225,5.938383525410808,6.048353590696193,6.158323655981579,6.268293721266964,6.378263786552349,6.488233851837735,6.59820391712312,6.708173982408505,6.818144047693891,6.928114112979276,7.038084178264661],"_type":"histogram","values":[2129,90,87,90,95,90,94,93,98,65,83,80,64,69,55,67,49,64,52,44,37,50,39,34,32,17,25,26,36,25,14,18,22,19,11,7,15,12,12,9,14,5,4,7,6,4,3,0,6,3,5,1,4,3,3,1,0,5,0,1,1,1,0,1]},"train_loss":0.03781087958377965,"_wandb":{"runtime":6},"_runtime":6,"_timestamp":1.772563310978703e+09,"epoch":10,"train_acc":0.9904}