{"_step":19,"epoch":20,"train_loss":0.0017737158719734615,"val_loss":0.004856090956749369,"_wandb":{"runtime":10},"_runtime":10,"val_acc":0.9736666666666667,"_timestamp":1.7725418961923048e+09}