{"_wandb":{"runtime":3},"_runtime":3,"_step":9,"epoch":10,"train_loss":0.11616380725836972,"val_loss":0.15112931926157905,"val_acc":0.9583333333333334,"_timestamp":1.772541013543401e+09}