{"epoch":20,"train_loss":82.12412090875709,"val_loss":70.92722388690309,"val_acc":0.09533333333333334,"_timestamp":1.772541861991141e+09,"_runtime":48,"_wandb":{"runtime":48},"_step":19}