{"_wandb":{"runtime":42},"epoch":10,"train_loss":2.6237238400279583,"val_loss":3.01391952935395,"val_acc":0.09666666666666666,"_timestamp":1.772542495427949e+09,"_step":9,"_runtime":42}