{"_timestamp":1.77254099577272e+09,"_step":19,"epoch":20,"train_loss":0.6067200705302285,"_wandb":{"runtime":28},"_runtime":28,"val_loss":0.5237436769737819,"val_acc":0.8596666666666667}