{"neuron_4_grad":0,"val_loss":1.8240031271511843,"_step":17129,"layer_1_activations":{"bins":[0,7.510981689463391,15.021963378926783,22.532945068390173,30.043926757853566,37.554908447316954,45.06589013678035,52.57687182624374,60.08785351570713,67.59883520517052,75.10981689463391,82.6207985840973,90.1317802735607,97.64276196302409,105.15374365248748,112.66472534195087,120.17570703141426,127.68668872087765,135.19767041034103,142.70865209980443,150.21963378926782,157.7306154787312,165.2415971681946,172.752578857658,180.2635605471214,187.77454223658478,195.28552392604817,202.79650561551156,210.30748730497496,217.81846899443835,225.32945068390174,232.84043237336513,240.35141406282852,247.86239575229192,255.3733774417553,262.8843591312187,270.39534082068207,277.90632251014546,285.41730419960885,292.92828588907224,300.43926757853563,307.950249267999,315.4612309574624,322.9722126469258,330.4831943363892,337.9941760258526,345.505157715316,353.0161394047794,360.5271210942428,368.03810278370617,375.54908447316956,383.06006616263295,390.57104785209634,398.08202954155973,405.5930112310231,413.1039929204865,420.6149746099499,428.1259562994133,435.6369379888767,443.1479196783401,450.6589013678035,458.1698830572669,465.68086474673026,473.19184643619366,480.70282812565705],"_type":"histogram","values":[636808,179,170,158,181,199,165,180,166,157,191,161,167,128,139,102,112,82,74,59,55,44,47,44,25,31,20,20,18,25,8,10,10,12,14,4,4,3,4,2,2,6,2,0,1,2,1,0,3,0,1,0,1,0,0,1,1,0,0,0,0,0,0,1]},"test_f1":0.171948830656109,"first_layer_grad_norm":0.0005438910984138289,"neuron_3_grad":0,"batch_step":49,"epoch":20,"_wandb":{"runtime":11},"neuron_2_grad":0,"_timestamp":1.772621753972796e+09,"train_loss":1.8884680766447057,"train_acc":0.281,"_runtime":11,"neuron_5_grad":0,"neuron_1_grad":0,"val_acc":0.268}