{"_runtime":21,"_step":19,"epoch":20,"train_loss":0.05074548271591046,"val_loss":0.1472930050442941,"val_acc":0.9675,"_timestamp":1.772541042389996e+09,"_wandb":{"runtime":21}}