{"_step":9,"epoch":10,"_wandb":{"runtime":10},"_runtime":10,"train_loss":0.04944762566130126,"val_loss":0.04922213004145453,"val_acc":0.942,"_timestamp":1.7725414118510988e+09}