{"_runtime":55,"_timestamp":1.772543090006309e+09,"_step":19,"epoch":20,"train_loss":0.0419698890478175,"val_loss":0.04168950661164009,"val_acc":0.9696666666666667,"_wandb":{"runtime":55}}