{"val_acc":0.7466666666666667,"_timestamp":1.772542633571268e+09,"_step":19,"epoch":20,"train_loss":0.049419054728065875,"val_loss":0.050067373266215645,"_wandb":{"runtime":44},"_runtime":44}